ID,"Absolute URL","Relative Path",File,"Alt Text",Caption,Description,Title
5936,https://xn--mentaltrning-ncb.nu/wp-content/uploads/woocommerce_uploads/2024/02/4.-Goal-direction-lrezn5.mp3,/woocommerce_uploads/2024/02/4.-Goal-direction-lrezn5.mp3,4.-Goal-direction-lrezn5.mp3,,,"”4. Goal direction”.","4. Goal direction"
5825,https://xn--mentaltrning-ncb.nu/wp-content/uploads/woocommerce_uploads/2025/11/2ba686e5e448df29ba21aafdba45ab1b9dc089c8-gdvw3n.m4a,/woocommerce_uploads/2025/11/2ba686e5e448df29ba21aafdba45ab1b9dc089c8-gdvw3n.m4a,2ba686e5e448df29ba21aafdba45ab1b9dc089c8-gdvw3n.m4a,,,”2ba686e5e448df29ba21aafdba45ab1b9dc089c8”.,2ba686e5e448df29ba21aafdba45ab1b9dc089c8
5824,https://xn--mentaltrning-ncb.nu/wp-content/uploads/woocommerce_uploads/2025/11/33857d2ea560191415d3cd2af9cd9c3cd9f5eed5-l6hvp9.m4a,/woocommerce_uploads/2025/11/33857d2ea560191415d3cd2af9cd9c3cd9f5eed5-l6hvp9.m4a,33857d2ea560191415d3cd2af9cd9c3cd9f5eed5-l6hvp9.m4a,,,”33857d2ea560191415d3cd2af9cd9c3cd9f5eed5”.,33857d2ea560191415d3cd2af9cd9c3cd9f5eed5
5823,https://xn--mentaltrning-ncb.nu/wp-content/uploads/woocommerce_uploads/2025/11/16b8030daf598ff9704a1427cd8a3f422b2f8a37-swio4z.m4a,/woocommerce_uploads/2025/11/16b8030daf598ff9704a1427cd8a3f422b2f8a37-swio4z.m4a,16b8030daf598ff9704a1427cd8a3f422b2f8a37-swio4z.m4a,,,”16b8030daf598ff9704a1427cd8a3f422b2f8a37”.,16b8030daf598ff9704a1427cd8a3f422b2f8a37
5222,https://xn--mentaltrning-ncb.nu/wp-content/uploads/woocommerce_uploads/2024/10/586e477b09b4a90260ee0ea434ecdb7cf0a1e750-2-ks0ddy.mp3,/woocommerce_uploads/2024/10/586e477b09b4a90260ee0ea434ecdb7cf0a1e750-2-ks0ddy.mp3,586e477b09b4a90260ee0ea434ecdb7cf0a1e750-2-ks0ddy.mp3,,,"”586e477b09b4a90260ee0ea434ecdb7cf0a1e750 (2)”. Släppt: 2022.","586e477b09b4a90260ee0ea434ecdb7cf0a1e750 (2)"
4714,https://xn--mentaltrning-ncb.nu/wp-content/uploads/woocommerce_uploads/2025/05/Andningsankare-ffses0.mp3,/woocommerce_uploads/2025/05/Andningsankare-ffses0.mp3,Andningsankare-ffses0.mp3,,,"”Andningsankare”. Släppt: 2021.",Andningsankare
4713,https://xn--mentaltrning-ncb.nu/wp-content/uploads/woocommerce_uploads/2025/05/Andas-dig-lugn-och-fri-nc2ihy.mp3,/woocommerce_uploads/2025/05/Andas-dig-lugn-och-fri-nc2ihy.mp3,Andas-dig-lugn-och-fri-nc2ihy.mp3,,,"”Andas dig lugn och fri”. Släppt: 2021.","Andas dig lugn och fri"
4703,https://xn--mentaltrning-ncb.nu/wp-content/uploads/woocommerce_uploads/2024/02/4-Goal-image-training-kj6l1i.mp3,/woocommerce_uploads/2024/02/4-Goal-image-training-kj6l1i.mp3,4-Goal-image-training-kj6l1i.mp3,,,"”Introduction to Mental Training, Pt. 4” från Introduction to Mental Training. Spår 4. Genre: Verschiedenes.","Introduction to Mental Training, Pt. 4"
4702,https://xn--mentaltrning-ncb.nu/wp-content/uploads/woocommerce_uploads/2024/02/3-Self-image-training-uxkdel.mp3,/woocommerce_uploads/2024/02/3-Self-image-training-uxkdel.mp3,3-Self-image-training-uxkdel.mp3,,,"”Introduction to Mental Training, Pt. 1” från Introduction to Mental Training av Unestahl/ Gordin. Spår 1. Genre: Verschiedenes.","Introduction to Mental Training, Pt. 1"
4701,https://xn--mentaltrning-ncb.nu/wp-content/uploads/woocommerce_uploads/2024/02/2-Mental-Relaxation-yci5dh.mp3,/woocommerce_uploads/2024/02/2-Mental-Relaxation-yci5dh.mp3,2-Mental-Relaxation-yci5dh.mp3,,,"”Introduction to Mental Training, Pt. 3” från Introduction to Mental Training av Unestahl/ Gordin. Spår 3. Genre: Verschiedenes.","Introduction to Mental Training, Pt. 3"
4700,https://xn--mentaltrning-ncb.nu/wp-content/uploads/woocommerce_uploads/2024/02/1-Muscular-relaxation-nkng4l.mp3,/woocommerce_uploads/2024/02/1-Muscular-relaxation-nkng4l.mp3,1-Muscular-relaxation-nkng4l.mp3,,,"”Introduction to Mental Training, Pt. 2” från Introduction to Mental Training av Unestahl/ Gordin. Spår 2. Genre: Verschiedenes.","Introduction to Mental Training, Pt. 2"
4692,https://xn--mentaltrning-ncb.nu/wp-content/uploads/woocommerce_uploads/2024/02/04-Goal-image-training-5d88kk.mp3,/woocommerce_uploads/2024/02/04-Goal-image-training-5d88kk.mp3,04-Goal-image-training-5d88kk.mp3,,,"”Introduction to Mental Training, Pt. 4” från Introduction to Mental Training. Spår 4. Genre: Verschiedenes.","Introduction to Mental Training, Pt. 4"
4691,https://xn--mentaltrning-ncb.nu/wp-content/uploads/woocommerce_uploads/2024/02/03-Self-image-training-nbw1yd.mp3,/woocommerce_uploads/2024/02/03-Self-image-training-nbw1yd.mp3,03-Self-image-training-nbw1yd.mp3,,,"”Introduction to Mental Training, Pt. 3” från Introduction to Mental Training av Unestahl/ Gordin. Spår 3. Genre: Verschiedenes.","Introduction to Mental Training, Pt. 3"
4690,https://xn--mentaltrning-ncb.nu/wp-content/uploads/woocommerce_uploads/2024/02/02-Mental-Relaxation-rukh8z.mp3,/woocommerce_uploads/2024/02/02-Mental-Relaxation-rukh8z.mp3,02-Mental-Relaxation-rukh8z.mp3,,,"”Introduction to Mental Training, Pt. 2” från Introduction to Mental Training av Unestahl/ Gordin. Spår 2. Genre: Verschiedenes.","Introduction to Mental Training, Pt. 2"
4689,https://xn--mentaltrning-ncb.nu/wp-content/uploads/woocommerce_uploads/2024/02/01-Muscular-Relaxation-suiet1.mp3,/woocommerce_uploads/2024/02/01-Muscular-Relaxation-suiet1.mp3,01-Muscular-Relaxation-suiet1.mp3,,,"”Introduction to Mental Training, Pt. 1” från Introduction to Mental Training av Unestahl/ Gordin. Spår 1. Genre: Verschiedenes.","Introduction to Mental Training, Pt. 1"
4514,https://xn--mentaltrning-ncb.nu/wp-content/uploads/woocommerce_uploads/2024/02/07-Control-zruysi.mp3,/woocommerce_uploads/2024/02/07-Control-zruysi.mp3,07-Control-zruysi.mp3,,,"”Spår 7” från Okänt album (2015-06-26 09:10:22). Spår 7.","Spår 7"
4513,https://xn--mentaltrning-ncb.nu/wp-content/uploads/woocommerce_uploads/2024/02/06-Cheerfulness-jm2ao9.mp3,/woocommerce_uploads/2024/02/06-Cheerfulness-jm2ao9.mp3,06-Cheerfulness-jm2ao9.mp3,,,"”Spår 6” från Okänt album (2015-06-26 09:10:22). Spår 6.","Spår 6"
4512,https://xn--mentaltrning-ncb.nu/wp-content/uploads/woocommerce_uploads/2024/02/05-Creativity-eivfon.mp3,/woocommerce_uploads/2024/02/05-Creativity-eivfon.mp3,05-Creativity-eivfon.mp3,,,"”Spår 5” från Okänt album (2015-06-26 09:10:22). Spår 5.","Spår 5"
4511,https://xn--mentaltrning-ncb.nu/wp-content/uploads/woocommerce_uploads/2024/02/04-Commitment-smymii.mp3,/woocommerce_uploads/2024/02/04-Commitment-smymii.mp3,04-Commitment-smymii.mp3,,,"”Spår 4” från Okänt album (2015-06-26 09:10:22). Spår 4.","Spår 4"
4510,https://xn--mentaltrning-ncb.nu/wp-content/uploads/woocommerce_uploads/2024/02/03-Concentration-xu1ede.mp3,/woocommerce_uploads/2024/02/03-Concentration-xu1ede.mp3,03-Concentration-xu1ede.mp3,,,"”Spår 3” från Okänt album (2015-06-26 09:10:22). Spår 3.","Spår 3"
4509,https://xn--mentaltrning-ncb.nu/wp-content/uploads/woocommerce_uploads/2024/02/02-Calmness-fwbpgr.mp3,/woocommerce_uploads/2024/02/02-Calmness-fwbpgr.mp3,02-Calmness-fwbpgr.mp3,,,"”Spår 2” från Okänt album (2015-06-26 09:10:22). Spår 2.","Spår 2"
4508,https://xn--mentaltrning-ncb.nu/wp-content/uploads/woocommerce_uploads/2024/02/01-Confidence-rntyn0.mp3,/woocommerce_uploads/2024/02/01-Confidence-rntyn0.mp3,01-Confidence-rntyn0.mp3,,,"”Spår 1” från Okänt album (2015-06-26 09:10:22). Spår 1.","Spår 1"
4477,https://xn--mentaltrning-ncb.nu/wp-content/uploads/woocommerce_uploads/2024/02/03-Medvetandetraning-49lhnl.mp3,/woocommerce_uploads/2024/02/03-Medvetandetraning-49lhnl.mp3,03-Medvetandetraning-49lhnl.mp3,,,"”Medvetandeträning” från Gyllene rummet av Uneståhl. Spår 3. Genre: New Age.",Medvetandeträning
4476,https://xn--mentaltrning-ncb.nu/wp-content/uploads/woocommerce_uploads/2024/02/02-Instruktioner-fs0cup.mp3,/woocommerce_uploads/2024/02/02-Instruktioner-fs0cup.mp3,02-Instruktioner-fs0cup.mp3,,,"”Instruktioner” från Gyllene rummet av Uneståhl. Spår 2. Genre: New Age.",Instruktioner
4435,https://xn--mentaltrning-ncb.nu/wp-content/uploads/woocommerce_uploads/2025/03/03-Sjalvbildstraning-l9cavb.mp3,/woocommerce_uploads/2025/03/03-Sjalvbildstraning-l9cavb.mp3,03-Sjalvbildstraning-l9cavb.mp3,,,"”03 Självbildsträning”.","03 Självbildsträning"
4433,https://xn--mentaltrning-ncb.nu/wp-content/uploads/woocommerce_uploads/2025/03/5_Sjalvfortroende-kq4mv8.mp3,/woocommerce_uploads/2025/03/5_Sjalvfortroende-kq4mv8.mp3,5_Sjalvfortroende-kq4mv8.mp3,,,”5_Självförtroende”.,5_Självförtroende
4295,https://xn--mentaltrning-ncb.nu/wp-content/uploads/woocommerce_uploads/2024/02/04-Goal-image-training-itnvtd.mp3,/woocommerce_uploads/2024/02/04-Goal-image-training-itnvtd.mp3,04-Goal-image-training-itnvtd.mp3,,,"”Introduction to Mental Training, Pt. 4” från Introduction to Mental Training. Spår 4. Genre: Verschiedenes.","Introduction to Mental Training, Pt. 4"
4294,https://xn--mentaltrning-ncb.nu/wp-content/uploads/woocommerce_uploads/2024/02/03-Self-image-training-uwb3y9.mp3,/woocommerce_uploads/2024/02/03-Self-image-training-uwb3y9.mp3,03-Self-image-training-uwb3y9.mp3,,,"”Introduction to Mental Training, Pt. 3” från Introduction to Mental Training av Unestahl/ Gordin. Spår 3. Genre: Verschiedenes.","Introduction to Mental Training, Pt. 3"
4293,https://xn--mentaltrning-ncb.nu/wp-content/uploads/woocommerce_uploads/2024/02/2-Mental-Relaxation-nlurlv.mp3,/woocommerce_uploads/2024/02/2-Mental-Relaxation-nlurlv.mp3,2-Mental-Relaxation-nlurlv.mp3,,,"”Introduction to Mental Training, Pt. 1” från Introduction to Mental Training av Unestahl/ Gordin. Spår 1. Genre: Verschiedenes.","Introduction to Mental Training, Pt. 1"
4292,https://xn--mentaltrning-ncb.nu/wp-content/uploads/woocommerce_uploads/2024/02/1-Muscular-Relaxation-tkgzbe.mp3,/woocommerce_uploads/2024/02/1-Muscular-Relaxation-tkgzbe.mp3,1-Muscular-Relaxation-tkgzbe.mp3,,,"”Introduction to Mental Training, Pt. 2” från Introduction to Mental Training av Unestahl/ Gordin. Spår 2. Genre: Verschiedenes.","Introduction to Mental Training, Pt. 2"
4170,https://xn--mentaltrning-ncb.nu/wp-content/uploads/woocommerce_uploads/2024/02/02-Mental-Relaxation-wdftyt.mp3,/woocommerce_uploads/2024/02/02-Mental-Relaxation-wdftyt.mp3,02-Mental-Relaxation-wdftyt.mp3,,,"”Introduction to Mental Training, Pt. 2” från Introduction to Mental Training av Unestahl/ Gordin. Spår 2. Genre: Verschiedenes.","Introduction to Mental Training, Pt. 2"
4169,https://xn--mentaltrning-ncb.nu/wp-content/uploads/woocommerce_uploads/2024/02/04-Goal-image-training-ivmnlt.mp3,/woocommerce_uploads/2024/02/04-Goal-image-training-ivmnlt.mp3,04-Goal-image-training-ivmnlt.mp3,,,"”Introduction to Mental Training, Pt. 4” från Introduction to Mental Training. Spår 4. Genre: Verschiedenes.","Introduction to Mental Training, Pt. 4"
4168,https://xn--mentaltrning-ncb.nu/wp-content/uploads/woocommerce_uploads/2024/02/03-Self-image-training-kbhc9d.mp3,/woocommerce_uploads/2024/02/03-Self-image-training-kbhc9d.mp3,03-Self-image-training-kbhc9d.mp3,,,"”Introduction to Mental Training, Pt. 3” från Introduction to Mental Training av Unestahl/ Gordin. Spår 3. Genre: Verschiedenes.","Introduction to Mental Training, Pt. 3"
4167,https://xn--mentaltrning-ncb.nu/wp-content/uploads/woocommerce_uploads/2024/02/01-Muscular-Relaxation-igbqtj.mp3,/woocommerce_uploads/2024/02/01-Muscular-Relaxation-igbqtj.mp3,01-Muscular-Relaxation-igbqtj.mp3,,,"”Introduction to Mental Training, Pt. 1” från Introduction to Mental Training av Unestahl/ Gordin. Spår 1. Genre: Verschiedenes.","Introduction to Mental Training, Pt. 1"
4034,https://xn--mentaltrning-ncb.nu/wp-content/uploads/woocommerce_uploads/2024/02/02-Going-to-sleep-ntvniy.mp3,/woocommerce_uploads/2024/02/02-Going-to-sleep-ntvniy.mp3,02-Going-to-sleep-ntvniy.mp3,,,"”Spår 2” från Okänt album (2015-06-26 09:34:19). Spår 2.","Spår 2"
4033,https://xn--mentaltrning-ncb.nu/wp-content/uploads/woocommerce_uploads/2024/02/01-Sleep-training-rruvgc.mp3,/woocommerce_uploads/2024/02/01-Sleep-training-rruvgc.mp3,01-Sleep-training-rruvgc.mp3,,,"”Spår 1” från Okänt album (2015-06-26 09:34:19). Spår 1.","Spår 1"
3744,https://xn--mentaltrning-ncb.nu/wp-content/uploads/woocommerce_uploads/2024/12/03-Forberedelse-infor-prestation-jqfpe3.mp3,/woocommerce_uploads/2024/12/03-Forberedelse-infor-prestation-jqfpe3.mp3,03-Forberedelse-infor-prestation-jqfpe3.mp3,,,"”Spår 3” från Okänt album (2013-10-17 09:26:15). Spår 3.","Spår 3"
3743,https://xn--mentaltrning-ncb.nu/wp-content/uploads/woocommerce_uploads/2024/12/02-Problembearbetning-ssomu5.mp3,/woocommerce_uploads/2024/12/02-Problembearbetning-ssomu5.mp3,02-Problembearbetning-ssomu5.mp3,,,"”Spår 2” från Okänt album (2013-10-17 09:26:15). Spår 2.","Spår 2"
3742,https://xn--mentaltrning-ncb.nu/wp-content/uploads/woocommerce_uploads/2024/12/01-Mental-Avslappning-Forberedelse-bwcvm3.mp3,/woocommerce_uploads/2024/12/01-Mental-Avslappning-Forberedelse-bwcvm3.mp3,01-Mental-Avslappning-Forberedelse-bwcvm3.mp3,,,"”Spår 1” från Okänt album (2013-10-17 09:26:15). Spår 1.","Spår 1"
3410,https://xn--mentaltrning-ncb.nu/wp-content/uploads/woocommerce_uploads/2024/02/01-Goal-setting-and-goal-images-v1neuo.mp3,/woocommerce_uploads/2024/02/01-Goal-setting-and-goal-images-v1neuo.mp3,01-Goal-setting-and-goal-images-v1neuo.mp3,,,"”Spår 1” från Okänt album (2015-06-26 09:22:24). Spår 1.","Spår 1"
3409,https://xn--mentaltrning-ncb.nu/wp-content/uploads/woocommerce_uploads/2024/02/06-Preparation-for-competition-wed8rq.mp3,/woocommerce_uploads/2024/02/06-Preparation-for-competition-wed8rq.mp3,06-Preparation-for-competition-wed8rq.mp3,,,"”Spår 6” från Okänt album (2015-06-26 09:22:24). Spår 6.","Spår 6"
3408,https://xn--mentaltrning-ncb.nu/wp-content/uploads/woocommerce_uploads/2024/02/05-Golf-pleasure-and-pleasure-golf-ejcwgt.mp3,/woocommerce_uploads/2024/02/05-Golf-pleasure-and-pleasure-golf-ejcwgt.mp3,05-Golf-pleasure-and-pleasure-golf-ejcwgt.mp3,,,"”Spår 5” från Okänt album (2015-06-26 09:22:24). Spår 5.","Spår 5"
3407,https://xn--mentaltrning-ncb.nu/wp-content/uploads/woocommerce_uploads/2024/02/04-Problemsolving-and-attituse-training-y59v2h.mp3,/woocommerce_uploads/2024/02/04-Problemsolving-and-attituse-training-y59v2h.mp3,04-Problemsolving-and-attituse-training-y59v2h.mp3,,,"”Spår 4” från Okänt album (2015-06-26 09:22:24). Spår 4.","Spår 4"
3406,https://xn--mentaltrning-ncb.nu/wp-content/uploads/woocommerce_uploads/2024/02/03-Concentration-training-9kyks7.mp3,/woocommerce_uploads/2024/02/03-Concentration-training-9kyks7.mp3,03-Concentration-training-9kyks7.mp3,,,"”Spår 3” från Okänt album (2015-06-26 09:22:24). Spår 3.","Spår 3"
3405,https://xn--mentaltrning-ncb.nu/wp-content/uploads/woocommerce_uploads/2024/02/02-Preparation-for-a-training-session-axpcwy.mp3,/woocommerce_uploads/2024/02/02-Preparation-for-a-training-session-axpcwy.mp3,02-Preparation-for-a-training-session-axpcwy.mp3,,,"”Spår 2” från Okänt album (2015-06-26 09:22:24). Spår 2.","Spår 2"
3170,https://xn--mentaltrning-ncb.nu/wp-content/uploads/woocommerce_uploads/2024/10/2-Spagettitar-kby2gg.mp3,/woocommerce_uploads/2024/10/2-Spagettitar-kby2gg.mp3,2-Spagettitar-kby2gg.mp3,,,"”2 Spagettitår”. Släppt: 2022.","2 Spagettitår"
3169,https://xn--mentaltrning-ncb.nu/wp-content/uploads/woocommerce_uploads/2024/10/1-Avslappning-saetwl.mp3,/woocommerce_uploads/2024/10/1-Avslappning-saetwl.mp3,1-Avslappning-saetwl.mp3,,,"”1 Avslappning”. Släppt: 2022.","1 Avslappning"
3168,https://xn--mentaltrning-ncb.nu/wp-content/uploads/woocommerce_uploads/2024/10/7-Det-basta-jag-vet-khgvuc.mp3,/woocommerce_uploads/2024/10/7-Det-basta-jag-vet-khgvuc.mp3,7-Det-basta-jag-vet-khgvuc.mp3,,,"”7 Det bästa jag vet”. Släppt: 2022.","7 Det bästa jag vet"
3167,https://xn--mentaltrning-ncb.nu/wp-content/uploads/woocommerce_uploads/2024/10/6-Ekot-7gidl3.mp3,/woocommerce_uploads/2024/10/6-Ekot-7gidl3.mp3,6-Ekot-7gidl3.mp3,,,"”6 Ekot”. Släppt: 2022.","6 Ekot"
3166,https://xn--mentaltrning-ncb.nu/wp-content/uploads/woocommerce_uploads/2024/10/5-Mitt-eget-stalle-hprwfo.mp3,/woocommerce_uploads/2024/10/5-Mitt-eget-stalle-hprwfo.mp3,5-Mitt-eget-stalle-hprwfo.mp3,,,"”5 Mitt eget ställe”. Släppt: 2022.","5 Mitt eget ställe"
3165,https://xn--mentaltrning-ncb.nu/wp-content/uploads/woocommerce_uploads/2024/10/4-Ballongknepet-bbiqg7.mp3,/woocommerce_uploads/2024/10/4-Ballongknepet-bbiqg7.mp3,4-Ballongknepet-bbiqg7.mp3,,,"”4 Ballongknepet”. Släppt: 2022.","4 Ballongknepet"
3164,https://xn--mentaltrning-ncb.nu/wp-content/uploads/woocommerce_uploads/2024/10/3-Gunga-pa-ett-moln-rkuiit.mp3,/woocommerce_uploads/2024/10/3-Gunga-pa-ett-moln-rkuiit.mp3,3-Gunga-pa-ett-moln-rkuiit.mp3,,,"”3 Gunga på ett moln”. Släppt: 2022.","3 Gunga på ett moln"
3111,https://xn--mentaltrning-ncb.nu/wp-content/uploads/woocommerce_uploads/2024/10/01-Mitt-stressfria-hem-l0ceg0.mp3,/woocommerce_uploads/2024/10/01-Mitt-stressfria-hem-l0ceg0.mp3,01-Mitt-stressfria-hem-l0ceg0.mp3,,,"”Mitt stressfria hem” från Stresshantering av Dr.Lars-Erik Uneståhl. Spår 1. Genre: New Age.","Mitt stressfria hem"
3110,https://xn--mentaltrning-ncb.nu/wp-content/uploads/woocommerce_uploads/2024/10/05-Stresstraning-pa-egen-hand-nngxjd.mp3,/woocommerce_uploads/2024/10/05-Stresstraning-pa-egen-hand-nngxjd.mp3,05-Stresstraning-pa-egen-hand-nngxjd.mp3,,,"”Stressträning på egen hand” från Stresshantering av Dr.Lars-Erik Uneståhl. Spår 5. Genre: New Age.","Stressträning på egen hand"
3109,https://xn--mentaltrning-ncb.nu/wp-content/uploads/woocommerce_uploads/2024/10/04-Stress-siesta-zfrplx.mp3,/woocommerce_uploads/2024/10/04-Stress-siesta-zfrplx.mp3,04-Stress-siesta-zfrplx.mp3,,,"”Stress-siesta” från Stresshantering av Dr.Lars-Erik Uneståhl. Spår 4. Genre: New Age.",Stress-siesta
3108,https://xn--mentaltrning-ncb.nu/wp-content/uploads/woocommerce_uploads/2024/10/03-Mental-tuffhetstraning-ftd2mj.mp3,/woocommerce_uploads/2024/10/03-Mental-tuffhetstraning-ftd2mj.mp3,03-Mental-tuffhetstraning-ftd2mj.mp3,,,"”Mental tuffhetsträning” från Stresshantering av Dr.Lars-Erik Uneståhl. Spår 3. Genre: New Age.","Mental tuffhetsträning"
3107,https://xn--mentaltrning-ncb.nu/wp-content/uploads/woocommerce_uploads/2024/10/02-Kognitiv-omstrukturering-ubs3yr.mp3,/woocommerce_uploads/2024/10/02-Kognitiv-omstrukturering-ubs3yr.mp3,02-Kognitiv-omstrukturering-ubs3yr.mp3,,,"”Kognitiv omstrukturering” från Stresshantering av Dr.Lars-Erik Uneståhl. Spår 2. Genre: New Age.","Kognitiv omstrukturering"
2595,https://xn--mentaltrning-ncb.nu/wp-content/uploads/woocommerce_uploads/2024/02/Mindwalk-2xhkc0.mp3,/woocommerce_uploads/2024/02/Mindwalk-2xhkc0.mp3,Mindwalk-2xhkc0.mp3,,,"”Mindwalk”. Släppt: 2022.",Mindwalk
2588,https://xn--mentaltrning-ncb.nu/wp-content/uploads/woocommerce_uploads/2024/02/01-Utgangslage-och-malprogrammering-tsxjbj.mp3,/woocommerce_uploads/2024/02/01-Utgangslage-och-malprogrammering-tsxjbj.mp3,01-Utgangslage-och-malprogrammering-tsxjbj.mp3,,,"”Utgångsläge och målprogrammering” från Mental Träning som hjäp &amp; stöd vid cancer av Lars-Eric Uneståhl. Spår 1. Genre: Andliga sånger.","Utgångsläge och målprogrammering"
2520,https://xn--mentaltrning-ncb.nu/wp-content/uploads/2024/09/Mupparna.mp3,/2024/09/Mupparna.mp3,Mupparna.mp3,,,"”Spår 1” från Okänt album (2014-12-03 15:12:17). Spår 1.","Spår 1"
2509,https://xn--mentaltrning-ncb.nu/wp-content/uploads/woocommerce_uploads/2024/02/04-Spar-04-2-ecc0bd.mp3,/woocommerce_uploads/2024/02/04-Spar-04-2-ecc0bd.mp3,04-Spar-04-2-ecc0bd.mp3,,,"”Spår 04”. Spår 4.","Spår 04"
2508,https://xn--mentaltrning-ncb.nu/wp-content/uploads/woocommerce_uploads/2024/02/03-Spar-03-3-cjnlcm.mp3,/woocommerce_uploads/2024/02/03-Spar-03-3-cjnlcm.mp3,03-Spar-03-3-cjnlcm.mp3,,,"”Spår 03”. Spår 3.","Spår 03"
2507,https://xn--mentaltrning-ncb.nu/wp-content/uploads/woocommerce_uploads/2024/02/02-Spar-02-3-umnda6.mp3,/woocommerce_uploads/2024/02/02-Spar-02-3-umnda6.mp3,02-Spar-02-3-umnda6.mp3,,,"”Spår 02”. Spår 2.","Spår 02"
2506,https://xn--mentaltrning-ncb.nu/wp-content/uploads/woocommerce_uploads/2024/02/01-Spar-01-5-y29oic.mp3,/woocommerce_uploads/2024/02/01-Spar-01-5-y29oic.mp3,01-Spar-01-5-y29oic.mp3,,,"”Spår 01”. Spår 1.","Spår 01"
1887,https://xn--mentaltrning-ncb.nu/wp-content/uploads/woocommerce_uploads/2024/02/10-Egen-uppladdning-xwlhip.mp3,/woocommerce_uploads/2024/02/10-Egen-uppladdning-xwlhip.mp3,10-Egen-uppladdning-xwlhip.mp3,,,"”Egen uppladdning” från Dreamteam Pedagogisk uppladdning av Lars-Eric Uneståhl. Spår 10.","Egen uppladdning"
1886,https://xn--mentaltrning-ncb.nu/wp-content/uploads/woocommerce_uploads/2024/02/09-Livslang-utveckling-m0gmvm.mp3,/woocommerce_uploads/2024/02/09-Livslang-utveckling-m0gmvm.mp3,09-Livslang-utveckling-m0gmvm.mp3,,,"”Livslång utveckling” från Dreamteam Pedagogisk uppladdning av Lars-Eric Uneståhl. Spår 9.","Livslång utveckling"
1885,https://xn--mentaltrning-ncb.nu/wp-content/uploads/woocommerce_uploads/2024/02/08-Vardagsinlarning-kksuuh.mp3,/woocommerce_uploads/2024/02/08-Vardagsinlarning-kksuuh.mp3,08-Vardagsinlarning-kksuuh.mp3,,,"”Vardagsinlärning” från Dreamteam Pedagogisk uppladdning av Lars-Eric Uneståhl. Spår 8.",Vardagsinlärning
1884,https://xn--mentaltrning-ncb.nu/wp-content/uploads/woocommerce_uploads/2024/02/07-Effektivitet-o-arbetsgladje-dd9jrn.mp3,/woocommerce_uploads/2024/02/07-Effektivitet-o-arbetsgladje-dd9jrn.mp3,07-Effektivitet-o-arbetsgladje-dd9jrn.mp3,,,"”Effektivitet o arbetsglädje” från Dreamteam Pedagogisk uppladdning av Lars-Eric Uneståhl. Spår 7.","Effektivitet o arbetsglädje"
1883,https://xn--mentaltrning-ncb.nu/wp-content/uploads/woocommerce_uploads/2024/02/06-Kvalitet-och-ansvar-bryih5.mp3,/woocommerce_uploads/2024/02/06-Kvalitet-och-ansvar-bryih5.mp3,06-Kvalitet-och-ansvar-bryih5.mp3,,,"”Kvalitet och ansvar” från Dreamteam Pedagogisk uppladdning av Lars-Eric Uneståhl. Spår 6.","Kvalitet och ansvar"
1882,https://xn--mentaltrning-ncb.nu/wp-content/uploads/woocommerce_uploads/2024/02/05-Sjalvinsikt-inre-trygghet-txyveu.mp3,/woocommerce_uploads/2024/02/05-Sjalvinsikt-inre-trygghet-txyveu.mp3,05-Sjalvinsikt-inre-trygghet-txyveu.mp3,,,"”Självinsikt-inre trygghet” från Dreamteam Pedagogisk uppladdning av Lars-Eric Uneståhl. Spår 5.","Självinsikt-inre trygghet"
1881,https://xn--mentaltrning-ncb.nu/wp-content/uploads/woocommerce_uploads/2024/02/04-Samarbete-yswfot.mp3,/woocommerce_uploads/2024/02/04-Samarbete-yswfot.mp3,04-Samarbete-yswfot.mp3,,,"”Samarbete” från Dreamteam Pedagogisk uppladdning av Lars-Eric Uneståhl. Spår 4.",Samarbete
1880,https://xn--mentaltrning-ncb.nu/wp-content/uploads/woocommerce_uploads/2024/02/03-Mental-tuffhet-exsgok.mp3,/woocommerce_uploads/2024/02/03-Mental-tuffhet-exsgok.mp3,03-Mental-tuffhet-exsgok.mp3,,,"”Mental tuffhet” från Dreamteam Pedagogisk uppladdning av Lars-Eric Uneståhl. Spår 3.","Mental tuffhet"
1879,https://xn--mentaltrning-ncb.nu/wp-content/uploads/woocommerce_uploads/2024/02/02-Malprogrammering-Kort-ugl85u.mp3,/woocommerce_uploads/2024/02/02-Malprogrammering-Kort-ugl85u.mp3,02-Malprogrammering-Kort-ugl85u.mp3,,,"”Målprogrammering-Kort” från Dreamteam Pedagogisk uppladdning av Lars-Eric Uneståhl. Spår 2.",Målprogrammering-Kort
1878,https://xn--mentaltrning-ncb.nu/wp-content/uploads/woocommerce_uploads/2024/02/01-Malprogrammering-Lang-istrk5.mp3,/woocommerce_uploads/2024/02/01-Malprogrammering-Lang-istrk5.mp3,01-Malprogrammering-Lang-istrk5.mp3,,,"”Målprogrammering-Lång” från Dreamteam Pedagogisk uppladdning av Lars-Eric Uneståhl. Spår 1.",Målprogrammering-Lång
1877,https://xn--mentaltrning-ncb.nu/wp-content/uploads/woocommerce_uploads/2024/02/02-Mentala-rummet-Neurologiska-nivaer-Perceptuella-positioner-Jagforstarkning-1pzbj1.mp3,/woocommerce_uploads/2024/02/02-Mentala-rummet-Neurologiska-nivaer-Perceptuella-positioner-Jagforstarkning-1pzbj1.mp3,02-Mentala-rummet-Neurologiska-nivaer-Perceptuella-positioner-Jagforstarkning-1pzbj1.mp3,,,"”Mentala rummet, Neurologiska nivåer, Perceptuella positioner, Jagförstärkning” från NLP &amp; Mental träning av Elene Uneståhl. Spår 2. Genre: New Age.","Mentala rummet, Neurologiska nivåer, Perceptuella positioner, Jagförstärkning"
1876,https://xn--mentaltrning-ncb.nu/wp-content/uploads/woocommerce_uploads/2024/02/01-Storande-ljud-vmn9uk.mp3,/woocommerce_uploads/2024/02/01-Storande-ljud-vmn9uk.mp3,01-Storande-ljud-vmn9uk.mp3,,,"”Störande ljud” från NLP &amp; Mental träning av Elene Uneståhl. Spår 1. Genre: New Age.","Störande ljud"
1875,https://xn--mentaltrning-ncb.nu/wp-content/uploads/woocommerce_uploads/2024/02/5.-Fotbollsgladje-och-Gladjefotboll-1bw3tz.mp3,/woocommerce_uploads/2024/02/5.-Fotbollsgladje-och-Gladjefotboll-1bw3tz.mp3,5.-Fotbollsgladje-och-Gladjefotboll-1bw3tz.mp3,,,"”Spår 5” från Okänt album (2013-01-17 10:41:39). Spår 5.","Spår 5"
1874,https://xn--mentaltrning-ncb.nu/wp-content/uploads/woocommerce_uploads/2024/02/4.-Koncentrationstraning-9wu0qh.mp3,/woocommerce_uploads/2024/02/4.-Koncentrationstraning-9wu0qh.mp3,4.-Koncentrationstraning-9wu0qh.mp3,,,"”Spår 4” från Okänt album (2013-01-17 10:41:39). Spår 4.","Spår 4"
1873,https://xn--mentaltrning-ncb.nu/wp-content/uploads/woocommerce_uploads/2024/02/3.-Den-tuffa-sjalvdisciplinen-n8abax.mp3,/woocommerce_uploads/2024/02/3.-Den-tuffa-sjalvdisciplinen-n8abax.mp3,3.-Den-tuffa-sjalvdisciplinen-n8abax.mp3,,,"”Spår 3” från Okänt album (2013-01-17 10:41:39). Spår 3.","Spår 3"
1872,https://xn--mentaltrning-ncb.nu/wp-content/uploads/woocommerce_uploads/2024/02/2.-Den-tuffa-attityden-hzx8ak.mp3,/woocommerce_uploads/2024/02/2.-Den-tuffa-attityden-hzx8ak.mp3,2.-Den-tuffa-attityden-hzx8ak.mp3,,,"”Spår 2” från Okänt album (2013-01-17 10:41:39). Spår 2.","Spår 2"
1871,https://xn--mentaltrning-ncb.nu/wp-content/uploads/woocommerce_uploads/2024/02/1.-optimism-tsalgl.mp3,/woocommerce_uploads/2024/02/1.-optimism-tsalgl.mp3,1.-optimism-tsalgl.mp3,,,"”Spår 1” från Okänt album (2013-01-17 10:41:39). Spår 1.","Spår 1"
1870,https://xn--mentaltrning-ncb.nu/wp-content/uploads/woocommerce_uploads/2024/02/04-Malbildstraning-svkkhn.mp3,/woocommerce_uploads/2024/02/04-Malbildstraning-svkkhn.mp3,04-Malbildstraning-svkkhn.mp3,,,"”Målbildsträning” från Avspänning av Fil. Dir. Lars-Eric Uneståhl. Spår 4. Genre: Diverse.",Målbildsträning
1869,https://xn--mentaltrning-ncb.nu/wp-content/uploads/woocommerce_uploads/2024/02/03-Sjalvbildstraning-e7zuhw.mp3,/woocommerce_uploads/2024/02/03-Sjalvbildstraning-e7zuhw.mp3,03-Sjalvbildstraning-e7zuhw.mp3,,,"”Självbildsträning” från Avspänning av Fil. Dir. Lars-Eric Uneståhl. Spår 3. Genre: Diverse.",Självbildsträning
1868,https://xn--mentaltrning-ncb.nu/wp-content/uploads/woocommerce_uploads/2024/02/02-Mental-avslappning-r7i01f.mp3,/woocommerce_uploads/2024/02/02-Mental-avslappning-r7i01f.mp3,02-Mental-avslappning-r7i01f.mp3,,,"”Mental avslappning” från Avspänning av Fil. Dir. Lars-Eric Uneståhl. Spår 2. Genre: Diverse.","Mental avslappning"
1867,https://xn--mentaltrning-ncb.nu/wp-content/uploads/woocommerce_uploads/2024/02/01-Muskular-avslappning-douiyd.mp3,/woocommerce_uploads/2024/02/01-Muskular-avslappning-douiyd.mp3,01-Muskular-avslappning-douiyd.mp3,,,"”Muskulär avslappning” från Avspänning av Fil. Dir. Lars-Eric Uneståhl. Spår 1. Genre: Diverse.","Muskulär avslappning"
1865,https://xn--mentaltrning-ncb.nu/wp-content/uploads/woocommerce_uploads/2024/02/08-Sjalvtraning-c2ltoj.mp3,/woocommerce_uploads/2024/02/08-Sjalvtraning-c2ltoj.mp3,08-Sjalvtraning-c2ltoj.mp3,,,"”Självträning” från Avslappning för barn och ungdom av Lars-Eric Uneståhl. Spår 8.",Självträning
1864,https://xn--mentaltrning-ncb.nu/wp-content/uploads/woocommerce_uploads/2024/02/07-Flera-Tillampningar-hjvb2n.mp3,/woocommerce_uploads/2024/02/07-Flera-Tillampningar-hjvb2n.mp3,07-Flera-Tillampningar-hjvb2n.mp3,,,"”Flera Tillämpningar” från Avslappning för barn och ungdom av Lars-Eric Uneståhl. Spår 7.","Flera Tillämpningar"
1863,https://xn--mentaltrning-ncb.nu/wp-content/uploads/woocommerce_uploads/2024/02/06-Fordjupning-tvwvra.mp3,/woocommerce_uploads/2024/02/06-Fordjupning-tvwvra.mp3,06-Fordjupning-tvwvra.mp3,,,"”Fördjupning” från Avslappning för barn och ungdom av Lars-Eric Uneståhl. Spår 6.",Fördjupning
1862,https://xn--mentaltrning-ncb.nu/wp-content/uploads/woocommerce_uploads/2024/02/05-Inlarning-av-triggers-wnc3ss.mp3,/woocommerce_uploads/2024/02/05-Inlarning-av-triggers-wnc3ss.mp3,05-Inlarning-av-triggers-wnc3ss.mp3,,,"”Inlärning av triggers” från Avslappning för barn och ungdom av Lars-Eric Uneståhl. Spår 5.","Inlärning av triggers"
1861,https://xn--mentaltrning-ncb.nu/wp-content/uploads/woocommerce_uploads/2024/02/04-Mental-avslappning-lang-version-vmukhq.mp3,/woocommerce_uploads/2024/02/04-Mental-avslappning-lang-version-vmukhq.mp3,04-Mental-avslappning-lang-version-vmukhq.mp3,,,"”Mental avslappning-lång version” från Avslappning för barn och ungdom av Lars-Eric Uneståhl. Spår 4.","Mental avslappning-lång version"
1860,https://xn--mentaltrning-ncb.nu/wp-content/uploads/woocommerce_uploads/2024/02/03-Mental-avslappning-kort-version-xllte3.mp3,/woocommerce_uploads/2024/02/03-Mental-avslappning-kort-version-xllte3.mp3,03-Mental-avslappning-kort-version-xllte3.mp3,,,"”Mental avslappning-kort version” från Avslappning för barn och ungdom av Lars-Eric Uneståhl. Spår 3.","Mental avslappning-kort version"
1859,https://xn--mentaltrning-ncb.nu/wp-content/uploads/woocommerce_uploads/2024/02/02-Muskular-avslappning-kort-version-vcr1cd.mp3,/woocommerce_uploads/2024/02/02-Muskular-avslappning-kort-version-vcr1cd.mp3,02-Muskular-avslappning-kort-version-vcr1cd.mp3,,,"”Muskulär avslappning-kort version” från Avslappning för barn och ungdom av Lars-Eric Uneståhl. Spår 2.","Muskulär avslappning-kort version"
1858,https://xn--mentaltrning-ncb.nu/wp-content/uploads/woocommerce_uploads/2024/02/01-Muskular-avslappning-lang-version-eaknbv.mp3,/woocommerce_uploads/2024/02/01-Muskular-avslappning-lang-version-eaknbv.mp3,01-Muskular-avslappning-lang-version-eaknbv.mp3,,,"”Muskulär avslappning-lång version” från Avslappning för barn och ungdom av Lars-Eric Uneståhl. Spår 1.","Muskulär avslappning-lång version"
1857,https://xn--mentaltrning-ncb.nu/wp-content/uploads/woocommerce_uploads/2024/02/07-Helhetsandning-bfsudj.mp3,/woocommerce_uploads/2024/02/07-Helhetsandning-bfsudj.mp3,07-Helhetsandning-bfsudj.mp3,,,"”Spår 7” från Mindfulness cd 2. Spår 7.","Spår 7"
1856,https://xn--mentaltrning-ncb.nu/wp-content/uploads/woocommerce_uploads/2024/02/06-Andningstrigger-eller-andningsankare-g43j2s.mp3,/woocommerce_uploads/2024/02/06-Andningstrigger-eller-andningsankare-g43j2s.mp3,06-Andningstrigger-eller-andningsankare-g43j2s.mp3,,,"”Spår 6” från Mindfulness cd 2. Spår 6.","Spår 6"
1855,https://xn--mentaltrning-ncb.nu/wp-content/uploads/woocommerce_uploads/2024/02/05-Riktad-andning-elxnmn.mp3,/woocommerce_uploads/2024/02/05-Riktad-andning-elxnmn.mp3,05-Riktad-andning-elxnmn.mp3,,,"”Spår 5” från Mindfulness cd 2. Spår 5.","Spår 5"
1854,https://xn--mentaltrning-ncb.nu/wp-content/uploads/woocommerce_uploads/2024/02/04-Energi-och-LST-andning-yw7cis.mp3,/woocommerce_uploads/2024/02/04-Energi-och-LST-andning-yw7cis.mp3,04-Energi-och-LST-andning-yw7cis.mp3,,,"”Spår 4” från Mindfulness cd 2. Spår 4.","Spår 4"
1853,https://xn--mentaltrning-ncb.nu/wp-content/uploads/woocommerce_uploads/2024/02/03-Gyllenesnittet-andning-vmw3ww.mp3,/woocommerce_uploads/2024/02/03-Gyllenesnittet-andning-vmw3ww.mp3,03-Gyllenesnittet-andning-vmw3ww.mp3,,,"”Spår 3” från Mindfulness cd 2. Spår 3.","Spår 3"
1852,https://xn--mentaltrning-ncb.nu/wp-content/uploads/woocommerce_uploads/2024/02/02-De-fyra-faserna-yn4nkt.mp3,/woocommerce_uploads/2024/02/02-De-fyra-faserna-yn4nkt.mp3,02-De-fyra-faserna-yn4nkt.mp3,,,"”Spår 2” från Mindfulness cd 2. Spår 2.","Spår 2"
1851,https://xn--mentaltrning-ncb.nu/wp-content/uploads/woocommerce_uploads/2024/02/01-Magandning-8r5el4.mp3,/woocommerce_uploads/2024/02/01-Magandning-8r5el4.mp3,01-Magandning-8r5el4.mp3,,,"”Spår 1” från Mindfulness cd 2. Spår 1.","Spår 1"
1850,https://xn--mentaltrning-ncb.nu/wp-content/uploads/woocommerce_uploads/2024/02/03-Somn-iameaj.mp3,/woocommerce_uploads/2024/02/03-Somn-iameaj.mp3,03-Somn-iameaj.mp3,,,"”Sömn” från Viktminskning av Lars-Eric Uneståhl. Spår 3. Genre: Diverse.",Sömn
1849,https://xn--mentaltrning-ncb.nu/wp-content/uploads/woocommerce_uploads/2024/02/02-Behalla-idealvikten-xlvobv.mp3,/woocommerce_uploads/2024/02/02-Behalla-idealvikten-xlvobv.mp3,02-Behalla-idealvikten-xlvobv.mp3,,,"”Behålla idealvikten” från Viktminskning av Lars-Eric Uneståhl. Spår 2. Genre: Diverse.","Behålla idealvikten"
1848,https://xn--mentaltrning-ncb.nu/wp-content/uploads/woocommerce_uploads/2024/02/01-Vagen-till-idealvikten-glhabg.mp3,/woocommerce_uploads/2024/02/01-Vagen-till-idealvikten-glhabg.mp3,01-Vagen-till-idealvikten-glhabg.mp3,,,"”Vägen till idealvikten” från Viktminskning av Lars-Eric Uneståhl. Spår 1. Genre: Diverse.","Vägen till idealvikten"
1847,https://xn--mentaltrning-ncb.nu/wp-content/uploads/woocommerce_uploads/2024/02/Inre-yttre-trygghet_mixdown-4f4ncf.mp3,/woocommerce_uploads/2024/02/Inre-yttre-trygghet_mixdown-4f4ncf.mp3,Inre-yttre-trygghet_mixdown-4f4ncf.mp3,,,"”Inre & yttre trygghet_mixdown”. Släppt: 2020.","Inre & yttre trygghet_mixdown"
1846,https://xn--mentaltrning-ncb.nu/wp-content/uploads/woocommerce_uploads/2024/02/05-Skrattandets-varld-xypqmd.mp3,/woocommerce_uploads/2024/02/05-Skrattandets-varld-xypqmd.mp3,05-Skrattandets-varld-xypqmd.mp3,,,"”Skrattandets värld” från Humor &amp; glädje av Uneståhl Lars-Erik. Spår 5.","Skrattandets värld"
1845,https://xn--mentaltrning-ncb.nu/wp-content/uploads/woocommerce_uploads/2024/02/04-Okad-gladje-3ljwpv.mp3,/woocommerce_uploads/2024/02/04-Okad-gladje-3ljwpv.mp3,04-Okad-gladje-3ljwpv.mp3,,,"”Ökad glädje” från Humor &amp; glädje av Uneståhl Lars-Erik. Spår 4.","Ökad glädje"
1844,https://xn--mentaltrning-ncb.nu/wp-content/uploads/woocommerce_uploads/2024/02/03-Humor-och-kreativitet-waro52.mp3,/woocommerce_uploads/2024/02/03-Humor-och-kreativitet-waro52.mp3,03-Humor-och-kreativitet-waro52.mp3,,,"”Humor och kreativitet” från Humor &amp; glädje av Uneståhl Lars-Erik. Spår 3.","Humor och kreativitet"
1843,https://xn--mentaltrning-ncb.nu/wp-content/uploads/woocommerce_uploads/2024/02/02-Glimten-i-ogonvran-qkgocz.mp3,/woocommerce_uploads/2024/02/02-Glimten-i-ogonvran-qkgocz.mp3,02-Glimten-i-ogonvran-qkgocz.mp3,,,"”Glimten i ögonvrån” från Humor &amp; glädje av Uneståhl Lars-Erik. Spår 2.","Glimten i ögonvrån"
1842,https://xn--mentaltrning-ncb.nu/wp-content/uploads/woocommerce_uploads/2024/02/01-Lugn-och-gladje-mc3iot.mp3,/woocommerce_uploads/2024/02/01-Lugn-och-gladje-mc3iot.mp3,01-Lugn-och-gladje-mc3iot.mp3,,,"”Lugn och glädje” från Humor &amp; glädje av Uneståhl Lars-Erik. Spår 1.","Lugn och glädje"
1841,https://xn--mentaltrning-ncb.nu/wp-content/uploads/woocommerce_uploads/2024/02/03-Introduktion-till-ditt-inre-rum-samckp.mp3,/woocommerce_uploads/2024/02/03-Introduktion-till-ditt-inre-rum-samckp.mp3,03-Introduktion-till-ditt-inre-rum-samckp.mp3,,,"”Spår 4” från Mental träning för ungdomar med speciella behov av Fil.Dr. Lars-Eric Uneståhl. Spår 4. Genre: New Age.","Spår 4"
1840,https://xn--mentaltrning-ncb.nu/wp-content/uploads/woocommerce_uploads/2024/02/02-Muskular-avslappning-nfaj7w.mp3,/woocommerce_uploads/2024/02/02-Muskular-avslappning-nfaj7w.mp3,02-Muskular-avslappning-nfaj7w.mp3,,,"”Spår 3” från Mental träning för ungdomar med speciella behov av Fil.Dr. Lars-Eric Uneståhl. Spår 3. Genre: New Age.","Spår 3"
1839,https://xn--mentaltrning-ncb.nu/wp-content/uploads/woocommerce_uploads/2024/02/01-Introduktion-Muskular-avslappning-nvyye8.mp3,/woocommerce_uploads/2024/02/01-Introduktion-Muskular-avslappning-nvyye8.mp3,01-Introduktion-Muskular-avslappning-nvyye8.mp3,,,"”Spår 2” från Mental träning för ungdomar med speciella behov av Fil.Dr. Lars-Eric Uneståhl. Spår 2. Genre: New Age.","Spår 2"
1838,https://xn--mentaltrning-ncb.nu/wp-content/uploads/woocommerce_uploads/2024/02/10-Egentraning-ubyoxt.mp3,/woocommerce_uploads/2024/02/10-Egentraning-ubyoxt.mp3,10-Egentraning-ubyoxt.mp3,,,"”Spår 11” från Mental träning för ungdomar med speciella behov av Fil.Dr. Lars-Eric Uneståhl. Spår 11. Genre: New Age.","Spår 11"
1837,https://xn--mentaltrning-ncb.nu/wp-content/uploads/woocommerce_uploads/2024/02/09-Introduktion-till-egentraning-cgbfmb.mp3,/woocommerce_uploads/2024/02/09-Introduktion-till-egentraning-cgbfmb.mp3,09-Introduktion-till-egentraning-cgbfmb.mp3,,,"”Spår 10” från Mental träning för ungdomar med speciella behov av Fil.Dr. Lars-Eric Uneståhl. Spår 10. Genre: New Age.","Spår 10"
1836,https://xn--mentaltrning-ncb.nu/wp-content/uploads/woocommerce_uploads/2024/02/08-Mental-tuffhetstraning-wtnwwh.mp3,/woocommerce_uploads/2024/02/08-Mental-tuffhetstraning-wtnwwh.mp3,08-Mental-tuffhetstraning-wtnwwh.mp3,,,"”Spår 9” från Mental träning för ungdomar med speciella behov av Fil.Dr. Lars-Eric Uneståhl. Spår 9. Genre: New Age.","Spår 9"
1835,https://xn--mentaltrning-ncb.nu/wp-content/uploads/woocommerce_uploads/2024/02/07-Introduktion-till-Mental-tuffhetstraning-ggezw9.mp3,/woocommerce_uploads/2024/02/07-Introduktion-till-Mental-tuffhetstraning-ggezw9.mp3,07-Introduktion-till-Mental-tuffhetstraning-ggezw9.mp3,,,"”Spår 8” från Mental träning för ungdomar med speciella behov av Fil.Dr. Lars-Eric Uneståhl. Spår 8. Genre: New Age.","Spår 8"
1834,https://xn--mentaltrning-ncb.nu/wp-content/uploads/woocommerce_uploads/2024/02/06-Sjalvbildstraning-3xvwyb.mp3,/woocommerce_uploads/2024/02/06-Sjalvbildstraning-3xvwyb.mp3,06-Sjalvbildstraning-3xvwyb.mp3,,,"”Spår 7” från Mental träning för ungdomar med speciella behov av Fil.Dr. Lars-Eric Uneståhl. Spår 7. Genre: New Age.","Spår 7"
1833,https://xn--mentaltrning-ncb.nu/wp-content/uploads/woocommerce_uploads/2024/02/05-Introduktion-till-sjalvbildstraning-aj9moe.mp3,/woocommerce_uploads/2024/02/05-Introduktion-till-sjalvbildstraning-aj9moe.mp3,05-Introduktion-till-sjalvbildstraning-aj9moe.mp3,,,"”Spår 6” från Mental träning för ungdomar med speciella behov av Fil.Dr. Lars-Eric Uneståhl. Spår 6. Genre: New Age.","Spår 6"
1832,https://xn--mentaltrning-ncb.nu/wp-content/uploads/woocommerce_uploads/2024/02/04-Det-mentala-rummet-bwnqga.mp3,/woocommerce_uploads/2024/02/04-Det-mentala-rummet-bwnqga.mp3,04-Det-mentala-rummet-bwnqga.mp3,,,"”Spår 5” från Mental träning för ungdomar med speciella behov av Fil.Dr. Lars-Eric Uneståhl. Spår 5. Genre: New Age.","Spår 5"
1831,https://xn--mentaltrning-ncb.nu/wp-content/uploads/woocommerce_uploads/2024/02/Framtiden-z2ynnd.mp3,/woocommerce_uploads/2024/02/Framtiden-z2ynnd.mp3,Framtiden-z2ynnd.mp3,,,"”W.A.Y. (DJ Perofe Megamix) [feat. Martin O' Neill]” från W.A.Y. (DJ Perofe Megamix) [feat. Martin O' Neill] - EP av Bear System. Släppt: 2013. Spår 1. Genre: Dance &amp; House.","W.A.Y. (DJ Perofe Megamix) [feat. Martin O' Neill]"
1830,https://xn--mentaltrning-ncb.nu/wp-content/uploads/woocommerce_uploads/2024/02/03-Somn-9kthv9.mp3,/woocommerce_uploads/2024/02/03-Somn-9kthv9.mp3,03-Somn-9kthv9.mp3,,,"”Sömn” från Framgång i skolan av Uneståhl. Spår 3. Genre: New Age.",Sömn
1829,https://xn--mentaltrning-ncb.nu/wp-content/uploads/woocommerce_uploads/2024/02/02-Uppvaknande-fulkrx.mp3,/woocommerce_uploads/2024/02/02-Uppvaknande-fulkrx.mp3,02-Uppvaknande-fulkrx.mp3,,,"”Uppvaknande” från Framgång i skolan av Uneståhl. Spår 2. Genre: New Age.",Uppvaknande
1828,https://xn--mentaltrning-ncb.nu/wp-content/uploads/woocommerce_uploads/2024/02/01-Mental-traning-for-battre-skolprestationer-is0ft3.mp3,/woocommerce_uploads/2024/02/01-Mental-traning-for-battre-skolprestationer-is0ft3.mp3,01-Mental-traning-for-battre-skolprestationer-is0ft3.mp3,,,"”Mental träning för bättre skolprestationer” från Framgång i skolan av Uneståhl. Spår 1. Genre: New Age.","Mental träning för bättre skolprestationer"
1827,https://xn--mentaltrning-ncb.nu/wp-content/uploads/woocommerce_uploads/2024/02/04-Somnstart-g2xgfl.mp3,/woocommerce_uploads/2024/02/04-Somnstart-g2xgfl.mp3,04-Somnstart-g2xgfl.mp3,,,"”Sömnstart” från Bättre sömn genom mental träning av Lars-Erik Uneståhl, Fil.Dr.. Spår 4. Genre: Soundtracks.",Sömnstart
1826,https://xn--mentaltrning-ncb.nu/wp-content/uploads/woocommerce_uploads/2024/02/03-Somnsiesta-wmagco.mp3,/woocommerce_uploads/2024/02/03-Somnsiesta-wmagco.mp3,03-Somnsiesta-wmagco.mp3,,,"”Sömnsiesta” från Bättre sömn genom mental träning av Lars-Erik Uneståhl, Fil.Dr.. Spår 3. Genre: Soundtracks.",Sömnsiesta
1825,https://xn--mentaltrning-ncb.nu/wp-content/uploads/woocommerce_uploads/2024/02/02-Somntraning-csxwp9.mp3,/woocommerce_uploads/2024/02/02-Somntraning-csxwp9.mp3,02-Somntraning-csxwp9.mp3,,,"”Sömnträning” från Bättre sömn genom mental träning av Lars-Erik Uneståhl, Fil.Dr.. Spår 2. Genre: Soundtracks.",Sömnträning
1824,https://xn--mentaltrning-ncb.nu/wp-content/uploads/woocommerce_uploads/2024/02/04-Kronisk-smarta-Program-2-ghl0dq.mp3,/woocommerce_uploads/2024/02/04-Kronisk-smarta-Program-2-ghl0dq.mp3,04-Kronisk-smarta-Program-2-ghl0dq.mp3,,,"”Kronisk smärta - Program 2” från Mental träning vid smärta av Lars-Eric Uneståhl. Spår 4.","Kronisk smärta - Program 2"
1823,https://xn--mentaltrning-ncb.nu/wp-content/uploads/woocommerce_uploads/2024/02/03-Kronisk-smarta-Program-1-uxiqxl.mp3,/woocommerce_uploads/2024/02/03-Kronisk-smarta-Program-1-uxiqxl.mp3,03-Kronisk-smarta-Program-1-uxiqxl.mp3,,,"”Kronisk smärta - Program 1” från Mental träning vid smärta av Lars-Eric Uneståhl. Spår 3.","Kronisk smärta - Program 1"
1822,https://xn--mentaltrning-ncb.nu/wp-content/uploads/woocommerce_uploads/2024/02/02-Akut-smarta-Program-2-awsvdi.mp3,/woocommerce_uploads/2024/02/02-Akut-smarta-Program-2-awsvdi.mp3,02-Akut-smarta-Program-2-awsvdi.mp3,,,"”Akut smärta - Program 2” från Mental träning vid smärta av Lars-Eric Uneståhl. Spår 2.","Akut smärta - Program 2"
1821,https://xn--mentaltrning-ncb.nu/wp-content/uploads/woocommerce_uploads/2024/02/01-Akut-smarta-Program-1-s0sq0s.mp3,/woocommerce_uploads/2024/02/01-Akut-smarta-Program-1-s0sq0s.mp3,01-Akut-smarta-Program-1-s0sq0s.mp3,,,"”Akut smärta - Program 1” från Mental träning vid smärta av Lars-Eric Uneståhl. Spår 1. Genre: Okänd genre.","Akut smärta - Program 1"
1820,https://xn--mentaltrning-ncb.nu/wp-content/uploads/woocommerce_uploads/2024/02/04-Den-tuffa-koncentrationen-k7ir9j.mp3,/woocommerce_uploads/2024/02/04-Den-tuffa-koncentrationen-k7ir9j.mp3,04-Den-tuffa-koncentrationen-k7ir9j.mp3,,,"”Den tuffa koncentrationen” från Mental tuffhetsträning II av Lars-Eric Uneståhl. Spår 4. Genre: Mental träning.","Den tuffa koncentrationen"
1819,https://xn--mentaltrning-ncb.nu/wp-content/uploads/woocommerce_uploads/2024/02/03-Den-tuffa-sjalvkanslan-ol7bso.mp3,/woocommerce_uploads/2024/02/03-Den-tuffa-sjalvkanslan-ol7bso.mp3,03-Den-tuffa-sjalvkanslan-ol7bso.mp3,,,"”Den tuffa självkänslan” från Mental tuffhetsträning I av Fil.Dr Lars-Eric Uneståhl. Spår 3. Genre: Andliga sånger.","Den tuffa självkänslan"
1818,https://xn--mentaltrning-ncb.nu/wp-content/uploads/woocommerce_uploads/2024/02/03-Den-tuffa-attityden-pk3j5z.mp3,/woocommerce_uploads/2024/02/03-Den-tuffa-attityden-pk3j5z.mp3,03-Den-tuffa-attityden-pk3j5z.mp3,,,"”Den tuffa attityden” från Mental tuffhetsträning II av Lars-Eric Uneståhl. Spår 3. Genre: Mental träning.","Den tuffa attityden"
1817,https://xn--mentaltrning-ncb.nu/wp-content/uploads/woocommerce_uploads/2024/02/02-Den-tuffa-diciplinen-kmns5g.mp3,/woocommerce_uploads/2024/02/02-Den-tuffa-diciplinen-kmns5g.mp3,02-Den-tuffa-diciplinen-kmns5g.mp3,,,"”Den tuffa diciplinen” från Mental tuffhetsträning II av Lars-Eric Uneståhl. Spår 2. Genre: Mental träning.","Den tuffa diciplinen"
1816,https://xn--mentaltrning-ncb.nu/wp-content/uploads/woocommerce_uploads/2024/02/02-Den-tuffa-baskanslan-wwpyty.mp3,/woocommerce_uploads/2024/02/02-Den-tuffa-baskanslan-wwpyty.mp3,02-Den-tuffa-baskanslan-wwpyty.mp3,,,"”Den tuffa baskänslan” från Mental tuffhetsträning I av Fil.Dr Lars-Eric Uneståhl. Spår 2. Genre: Andliga sånger.","Den tuffa baskänslan"
1815,https://xn--mentaltrning-ncb.nu/wp-content/uploads/woocommerce_uploads/2024/02/01-Den-tuffa-kroppen-ozygos.mp3,/woocommerce_uploads/2024/02/01-Den-tuffa-kroppen-ozygos.mp3,01-Den-tuffa-kroppen-ozygos.mp3,,,"”Den tuffa kroppen” från Mental tuffhetsträning I av Fil.Dr Lars-Eric Uneståhl. Spår 1. Genre: Andliga sånger.","Den tuffa kroppen"
1814,https://xn--mentaltrning-ncb.nu/wp-content/uploads/woocommerce_uploads/2024/02/01-De-tuffa-malbilderna-0kgz2r.mp3,/woocommerce_uploads/2024/02/01-De-tuffa-malbilderna-0kgz2r.mp3,01-De-tuffa-malbilderna-0kgz2r.mp3,,,"”De tuffa målbilderna” från Mental tuffhetsträning II av Lars-Eric Uneståhl. Spår 1. Genre: Mental träning.","De tuffa målbilderna"
1812,https://xn--mentaltrning-ncb.nu/wp-content/uploads/woocommerce_uploads/2024/02/09-Vila-och-eller-somn-lkdj7t.mp3,/woocommerce_uploads/2024/02/09-Vila-och-eller-somn-lkdj7t.mp3,09-Vila-och-eller-somn-lkdj7t.mp3,,,"”Vila och/eller sömn” från Mental träning av Lars-Eric Uneståhl. Spår 9. Genre: Alternativ musik.","Vila och/eller sömn"
1811,https://xn--mentaltrning-ncb.nu/wp-content/uploads/woocommerce_uploads/2024/02/08-Mental-adrenalinkontroll-ihlpjk.mp3,/woocommerce_uploads/2024/02/08-Mental-adrenalinkontroll-ihlpjk.mp3,08-Mental-adrenalinkontroll-ihlpjk.mp3,,,"”Mental adrenalinkontroll” från Mental träning av Lars-Eric Uneståhl. Spår 8. Genre: Alternativ musik.","Mental adrenalinkontroll"
1810,https://xn--mentaltrning-ncb.nu/wp-content/uploads/woocommerce_uploads/2024/02/07-Regissor-av-dina-inre-filmer-7ayco8.mp3,/woocommerce_uploads/2024/02/07-Regissor-av-dina-inre-filmer-7ayco8.mp3,07-Regissor-av-dina-inre-filmer-7ayco8.mp3,,,"”Regissör av dina inre filmer” från Mental träning av Lars-Eric Uneståhl. Spår 7. Genre: Alternativ musik.","Regissör av dina inre filmer"
1809,https://xn--mentaltrning-ncb.nu/wp-content/uploads/woocommerce_uploads/2024/02/06-Adjo-med-oroliga-tankar-gpkc6f.mp3,/woocommerce_uploads/2024/02/06-Adjo-med-oroliga-tankar-gpkc6f.mp3,06-Adjo-med-oroliga-tankar-gpkc6f.mp3,,,"”Adjö med oroliga tankar” från Mental träning av Lars-Eric Uneståhl. Spår 6. Genre: Alternativ musik.","Adjö med oroliga tankar"
1808,https://xn--mentaltrning-ncb.nu/wp-content/uploads/woocommerce_uploads/2024/02/05-Attitydforandring-rcf7gg.mp3,/woocommerce_uploads/2024/02/05-Attitydforandring-rcf7gg.mp3,05-Attitydforandring-rcf7gg.mp3,,,"”Attitydförändring” från Mental träning av Lars-Eric Uneståhl. Spår 5. Genre: Alternativ musik.",Attitydförändring
1807,https://xn--mentaltrning-ncb.nu/wp-content/uploads/woocommerce_uploads/2024/02/04-Angestens-ABC-28oegz.mp3,/woocommerce_uploads/2024/02/04-Angestens-ABC-28oegz.mp3,04-Angestens-ABC-28oegz.mp3,,,"”Ångestens ABC” från Mental träning av Lars-Eric Uneståhl. Spår 4. Genre: Alternativ musik.","Ångestens ABC"
1806,https://xn--mentaltrning-ncb.nu/wp-content/uploads/woocommerce_uploads/2024/02/03-Det-angestfria-rummet-8r94gi.mp3,/woocommerce_uploads/2024/02/03-Det-angestfria-rummet-8r94gi.mp3,03-Det-angestfria-rummet-8r94gi.mp3,,,"”Det ångestfria rummet” från Mental träning av Lars-Eric Uneståhl. Spår 3. Genre: Alternativ musik.","Det ångestfria rummet"
1805,https://xn--mentaltrning-ncb.nu/wp-content/uploads/woocommerce_uploads/2024/02/02-Avslappnings-och-andningstraning-ma0qp4.mp3,/woocommerce_uploads/2024/02/02-Avslappnings-och-andningstraning-ma0qp4.mp3,02-Avslappnings-och-andningstraning-ma0qp4.mp3,,,"”Avslappnings- och andningsträning” från Mental träning av Lars-Eric Uneståhl. Spår 2. Genre: Alternativ musik.","Avslappnings- och andningsträning"
1804,https://xn--mentaltrning-ncb.nu/wp-content/uploads/woocommerce_uploads/2024/02/01-Den-angestfria-framtiden-5ixn3c.mp3,/woocommerce_uploads/2024/02/01-Den-angestfria-framtiden-5ixn3c.mp3,01-Den-angestfria-framtiden-5ixn3c.mp3,,,"”Den ångestfria framtiden” från Mental träning av Lars-Eric Uneståhl. Spår 1. Genre: Alternativ musik.","Den ångestfria framtiden"
1803,https://xn--mentaltrning-ncb.nu/wp-content/uploads/woocommerce_uploads/2024/02/05-God-somn-pdeu1m.mp3,/woocommerce_uploads/2024/02/05-God-somn-pdeu1m.mp3,05-God-somn-pdeu1m.mp3,,,"”God sömn” från Mental Träning som hjäp &amp; stöd vid cancer av Lars-Eric Uneståhl. Spår 5. Genre: Andliga sånger.","God sömn"
1802,https://xn--mentaltrning-ncb.nu/wp-content/uploads/woocommerce_uploads/2024/02/04-Forstarkning-av-kroppens-eget-forsvar-wslbam.mp3,/woocommerce_uploads/2024/02/04-Forstarkning-av-kroppens-eget-forsvar-wslbam.mp3,04-Forstarkning-av-kroppens-eget-forsvar-wslbam.mp3,,,"”Förstärkning av kroppens eget försvar” från Mental Träning som hjäp &amp; stöd vid cancer av Lars-Eric Uneståhl. Spår 4. Genre: Andliga sånger.","Förstärkning av kroppens eget försvar"
1801,https://xn--mentaltrning-ncb.nu/wp-content/uploads/woocommerce_uploads/2024/02/03-Forstarkning-av-den-medicinska-behandlingen-iap7he.mp3,/woocommerce_uploads/2024/02/03-Forstarkning-av-den-medicinska-behandlingen-iap7he.mp3,03-Forstarkning-av-den-medicinska-behandlingen-iap7he.mp3,,,"”Förstärkning av den medicinska behandlingen” från Mental Träning som hjäp &amp; stöd vid cancer av Lars-Eric Uneståhl. Spår 3. Genre: Andliga sånger.","Förstärkning av den medicinska behandlingen"
1800,https://xn--mentaltrning-ncb.nu/wp-content/uploads/woocommerce_uploads/2024/02/02-Det-ideala-lakningstillstandet-zlmus7.mp3,/woocommerce_uploads/2024/02/02-Det-ideala-lakningstillstandet-zlmus7.mp3,02-Det-ideala-lakningstillstandet-zlmus7.mp3,,,"”Det ideala läkningstillståndet” från Mental Träning som hjäp &amp; stöd vid cancer av Lars-Eric Uneståhl. Spår 2. Genre: Andliga sånger.","Det ideala läkningstillståndet"
1799,https://xn--mentaltrning-ncb.nu/wp-content/uploads/woocommerce_uploads/2024/02/01-Utgangslage-och-malprogrammering-feeezf.mp3,/woocommerce_uploads/2024/02/01-Utgangslage-och-malprogrammering-feeezf.mp3,01-Utgangslage-och-malprogrammering-feeezf.mp3,,,"”Utgångsläge och målprogrammering” från Mental Träning som hjäp &amp; stöd vid cancer av Lars-Eric Uneståhl. Spår 1. Genre: Andliga sånger.","Utgångsläge och målprogrammering"
1798,https://xn--mentaltrning-ncb.nu/wp-content/uploads/woocommerce_uploads/2024/02/1.-Divine-Harmonymusik-udcbau.mp3,/woocommerce_uploads/2024/02/1.-Divine-Harmonymusik-udcbau.mp3,1.-Divine-Harmonymusik-udcbau.mp3,,,"”Spår 1” från Okänt album (2013-01-17 12:22:26). Spår 1.","Spår 1"
1797,https://xn--mentaltrning-ncb.nu/wp-content/uploads/woocommerce_uploads/2024/02/4.-Mental-Traning-vid-fotbollsskador-u8ywxi.mp3,/woocommerce_uploads/2024/02/4.-Mental-Traning-vid-fotbollsskador-u8ywxi.mp3,4.-Mental-Traning-vid-fotbollsskador-u8ywxi.mp3,,,"”Spår 4” från Okänt album (2013-01-17 12:22:26). Spår 4.","Spår 4"
1796,https://xn--mentaltrning-ncb.nu/wp-content/uploads/woocommerce_uploads/2024/02/3.-Traningsprogram-wxpuqw.mp3,/woocommerce_uploads/2024/02/3.-Traningsprogram-wxpuqw.mp3,3.-Traningsprogram-wxpuqw.mp3,,,"”Spår 3” från Okänt album (2013-01-17 12:22:26). Spår 3.","Spår 3"
1795,https://xn--mentaltrning-ncb.nu/wp-content/uploads/woocommerce_uploads/2024/02/2.-Instruktioner-zgl4bh.mp3,/woocommerce_uploads/2024/02/2.-Instruktioner-zgl4bh.mp3,2.-Instruktioner-zgl4bh.mp3,,,"”Spår 2” från Okänt album (2013-01-17 12:22:26). Spår 2.","Spår 2"
1794,https://xn--mentaltrning-ncb.nu/wp-content/uploads/woocommerce_uploads/2024/02/5-Matchforberedelser-B2-kuqrio.mp3,/woocommerce_uploads/2024/02/5-Matchforberedelser-B2-kuqrio.mp3,5-Matchforberedelser-B2-kuqrio.mp3,,,"”Spår 5” från Okänt album (2013-01-17 11:09:20). Spår 5.","Spår 5"
1793,https://xn--mentaltrning-ncb.nu/wp-content/uploads/woocommerce_uploads/2024/02/4.-Matchforberedelser-B-p9pjrp.mp3,/woocommerce_uploads/2024/02/4.-Matchforberedelser-B-p9pjrp.mp3,4.-Matchforberedelser-B-p9pjrp.mp3,,,"”Spår 4” från Okänt album (2013-01-17 11:09:20). Spår 4.","Spår 4"
1792,https://xn--mentaltrning-ncb.nu/wp-content/uploads/woocommerce_uploads/2024/02/3.-Matchforberedelser-A-fogkp9.mp3,/woocommerce_uploads/2024/02/3.-Matchforberedelser-A-fogkp9.mp3,3.-Matchforberedelser-A-fogkp9.mp3,,,"”Spår 3” från Okänt album (2013-01-17 11:09:20). Spår 3.","Spår 3"
1791,https://xn--mentaltrning-ncb.nu/wp-content/uploads/woocommerce_uploads/2024/02/2.-Mentala-Sasongsforberedelser-2-ezyhpx.mp3,/woocommerce_uploads/2024/02/2.-Mentala-Sasongsforberedelser-2-ezyhpx.mp3,2.-Mentala-Sasongsforberedelser-2-ezyhpx.mp3,,,"”Spår 2” från Okänt album (2013-01-17 11:09:20). Spår 2.","Spår 2"
1790,https://xn--mentaltrning-ncb.nu/wp-content/uploads/woocommerce_uploads/2024/02/1.-Mentala-Sasongsforberedelser-1-hatxqm.mp3,/woocommerce_uploads/2024/02/1.-Mentala-Sasongsforberedelser-1-hatxqm.mp3,1.-Mentala-Sasongsforberedelser-1-hatxqm.mp3,,,"”Spår 1” från Okänt album (2013-01-17 11:09:20). Spår 1.","Spår 1"
1789,https://xn--mentaltrning-ncb.nu/wp-content/uploads/woocommerce_uploads/2024/02/3.Tillampningar-i-det-mentala-rummet-cf0idm.mp3,/woocommerce_uploads/2024/02/3.Tillampningar-i-det-mentala-rummet-cf0idm.mp3,3.Tillampningar-i-det-mentala-rummet-cf0idm.mp3,,,"”Spår 3” från Okänt album (2013-01-17 10:24:30). Spår 3.","Spår 3"
1788,https://xn--mentaltrning-ncb.nu/wp-content/uploads/woocommerce_uploads/2024/02/2.Det-mentala-hemmet-hz8fhc.mp3,/woocommerce_uploads/2024/02/2.Det-mentala-hemmet-hz8fhc.mp3,2.Det-mentala-hemmet-hz8fhc.mp3,,,"”Spår 2” från Okänt album (2013-01-17 10:24:30). Spår 2.","Spår 2"
1787,https://xn--mentaltrning-ncb.nu/wp-content/uploads/woocommerce_uploads/2024/02/1.Det-muskulara-grundtillstandet-gpzpcb.mp3,/woocommerce_uploads/2024/02/1.Det-muskulara-grundtillstandet-gpzpcb.mp3,1.Det-muskulara-grundtillstandet-gpzpcb.mp3,,,"”Spår 1” från Okänt album (2013-01-17 10:24:30). Spår 1.","Spår 1"
1786,https://xn--mentaltrning-ncb.nu/wp-content/uploads/woocommerce_uploads/2024/02/06-Forberedelse-for-en-tavling-jw1kng.mp3,/woocommerce_uploads/2024/02/06-Forberedelse-for-en-tavling-jw1kng.mp3,06-Forberedelse-for-en-tavling-jw1kng.mp3,,,"”Förberedelse för en tävling” från Mental träning golf av Lars-Eric Uneståhl. Spår 6. Genre: Alternativ musik.","Förberedelse för en tävling"
1785,https://xn--mentaltrning-ncb.nu/wp-content/uploads/woocommerce_uploads/2024/02/05-Golfgladje-och-gladjegolf-lvnbdx.mp3,/woocommerce_uploads/2024/02/05-Golfgladje-och-gladjegolf-lvnbdx.mp3,05-Golfgladje-och-gladjegolf-lvnbdx.mp3,,,"”Golfglädje och glädjegolf” från Mental träning golf av Lars-Eric Uneståhl. Spår 5. Genre: Alternativ musik.","Golfglädje och glädjegolf"
1784,https://xn--mentaltrning-ncb.nu/wp-content/uploads/woocommerce_uploads/2024/02/04-Problemlosning-och-attitydtraning-yczhn4.mp3,/woocommerce_uploads/2024/02/04-Problemlosning-och-attitydtraning-yczhn4.mp3,04-Problemlosning-och-attitydtraning-yczhn4.mp3,,,"”Problemlösning och attitydträning” från Mental träning golf av Lars-Eric Uneståhl. Spår 4. Genre: Alternativ musik.","Problemlösning och attitydträning"
1783,https://xn--mentaltrning-ncb.nu/wp-content/uploads/woocommerce_uploads/2024/02/03-Koncentrationstraning-4sbfnp.mp3,/woocommerce_uploads/2024/02/03-Koncentrationstraning-4sbfnp.mp3,03-Koncentrationstraning-4sbfnp.mp3,,,"”Koncentrationsträning” från Mental träning golf av Lars-Eric Uneståhl. Spår 3. Genre: Alternativ musik.",Koncentrationsträning
1782,https://xn--mentaltrning-ncb.nu/wp-content/uploads/woocommerce_uploads/2024/02/02-Forberedelse-for-ett-traningspass-hmzyxa.mp3,/woocommerce_uploads/2024/02/02-Forberedelse-for-ett-traningspass-hmzyxa.mp3,02-Forberedelse-for-ett-traningspass-hmzyxa.mp3,,,"”Förberedelse för ett träningspass” från Mental träning golf av Lars-Eric Uneståhl. Spår 2. Genre: Alternativ musik.","Förberedelse för ett träningspass"
1781,https://xn--mentaltrning-ncb.nu/wp-content/uploads/woocommerce_uploads/2024/02/01-Malsattningar-och-malbilder-ragga4.mp3,/woocommerce_uploads/2024/02/01-Malsattningar-och-malbilder-ragga4.mp3,01-Malsattningar-och-malbilder-ragga4.mp3,,,"”Målsättningar och målbilder” från Mental träning golf av Lars-Eric Uneståhl. Spår 1. Genre: Alternativ musik.","Målsättningar och målbilder"
1780,https://xn--mentaltrning-ncb.nu/wp-content/uploads/woocommerce_uploads/2024/02/05-vila-och-somn-ukhcuw.mp3,/woocommerce_uploads/2024/02/05-vila-och-somn-ukhcuw.mp3,05-vila-och-somn-ukhcuw.mp3,,,"”vila och somn” från mental träning för seniorer av lu. Spår 5. Genre: Alternativ musik.","vila och somn"
1779,https://xn--mentaltrning-ncb.nu/wp-content/uploads/woocommerce_uploads/2024/02/04-senioraldern-ibycms.mp3,/woocommerce_uploads/2024/02/04-senioraldern-ibycms.mp3,04-senioraldern-ibycms.mp3,,,"”senioråldern” från mental träning för seniorer av lu. Spår 4. Genre: Alternativ musik.",senioråldern
1778,https://xn--mentaltrning-ncb.nu/wp-content/uploads/woocommerce_uploads/2024/02/03-sjalvfortroende-v7jdqz.mp3,/woocommerce_uploads/2024/02/03-sjalvfortroende-v7jdqz.mp3,03-sjalvfortroende-v7jdqz.mp3,,,"”självförtroende” från mental träning för seniorer av lu. Spår 3. Genre: Alternativ musik.",självförtroende
1777,https://xn--mentaltrning-ncb.nu/wp-content/uploads/woocommerce_uploads/2024/02/02-det-mentala-rummet-wnqwdq.mp3,/woocommerce_uploads/2024/02/02-det-mentala-rummet-wnqwdq.mp3,02-det-mentala-rummet-wnqwdq.mp3,,,"”det mentala rummet” från mental träning för seniorer av lu. Spår 2. Genre: Alternativ musik.","det mentala rummet"
1776,https://xn--mentaltrning-ncb.nu/wp-content/uploads/woocommerce_uploads/2024/02/01-Muskular-avslappning-x9y07h.mp3,/woocommerce_uploads/2024/02/01-Muskular-avslappning-x9y07h.mp3,01-Muskular-avslappning-x9y07h.mp3,,,"”Muskulär avslappning” från mental träning för seniorer av lu. Spår 1. Genre: Alternativ musik.","Muskulär avslappning"
1775,https://xn--mentaltrning-ncb.nu/wp-content/uploads/woocommerce_uploads/2024/02/10-Sjalvkontroll-8oe5d7.mp3,/woocommerce_uploads/2024/02/10-Sjalvkontroll-8oe5d7.mp3,10-Sjalvkontroll-8oe5d7.mp3,,,"”Självkontroll” från Mentalträning för barn &amp; ungdom av Fil.Dr Lars-Eric Uneståhl. Spår 10. Genre: Alternativ musik.",Självkontroll
1774,https://xn--mentaltrning-ncb.nu/wp-content/uploads/woocommerce_uploads/2024/02/09-Attitydtraning-lfeqn3.mp3,/woocommerce_uploads/2024/02/09-Attitydtraning-lfeqn3.mp3,09-Attitydtraning-lfeqn3.mp3,,,"”Attitydträning” från Mentalträning för barn &amp; ungdom av Fil.Dr Lars-Eric Uneståhl. Spår 9. Genre: Alternativ musik.",Attitydträning
1773,https://xn--mentaltrning-ncb.nu/wp-content/uploads/woocommerce_uploads/2024/02/08-Gladje-7dmi6f.mp3,/woocommerce_uploads/2024/02/08-Gladje-7dmi6f.mp3,08-Gladje-7dmi6f.mp3,,,"”Glädje” från Mentalträning för barn &amp; ungdom av Fil.Dr Lars-Eric Uneståhl. Spår 8. Genre: Alternativ musik.",Glädje
1772,https://xn--mentaltrning-ncb.nu/wp-content/uploads/woocommerce_uploads/2024/02/07-Kreativitet-md8ru3.mp3,/woocommerce_uploads/2024/02/07-Kreativitet-md8ru3.mp3,07-Kreativitet-md8ru3.mp3,,,"”Kreativitet” från Mentalträning för barn &amp; ungdom av Fil.Dr Lars-Eric Uneståhl. Spår 7. Genre: Alternativ musik.",Kreativitet
1771,https://xn--mentaltrning-ncb.nu/wp-content/uploads/woocommerce_uploads/2024/02/06-Motivationstraning-pipzyo.mp3,/woocommerce_uploads/2024/02/06-Motivationstraning-pipzyo.mp3,06-Motivationstraning-pipzyo.mp3,,,"”Motivationsträning” från Mentalträning för barn &amp; ungdom av Fil.Dr Lars-Eric Uneståhl. Spår 6. Genre: Alternativ musik.",Motivationsträning
1770,https://xn--mentaltrning-ncb.nu/wp-content/uploads/woocommerce_uploads/2024/02/05-Koncentrationstraning-twmliz.mp3,/woocommerce_uploads/2024/02/05-Koncentrationstraning-twmliz.mp3,05-Koncentrationstraning-twmliz.mp3,,,"”Koncentrationsträning” från Mentalträning för barn &amp; ungdom av Fil.Dr Lars-Eric Uneståhl. Spår 5. Genre: Alternativ musik.",Koncentrationsträning
1769,https://xn--mentaltrning-ncb.nu/wp-content/uploads/woocommerce_uploads/2024/02/04-Lugn-wt22as.mp3,/woocommerce_uploads/2024/02/04-Lugn-wt22as.mp3,04-Lugn-wt22as.mp3,,,"”Lugn” från Mentalträning för barn &amp; ungdom av Fil.Dr Lars-Eric Uneståhl. Spår 4. Genre: Alternativ musik.",Lugn
1768,https://xn--mentaltrning-ncb.nu/wp-content/uploads/woocommerce_uploads/2024/02/03-Sjalvfortroendetraning-nfpldn.mp3,/woocommerce_uploads/2024/02/03-Sjalvfortroendetraning-nfpldn.mp3,03-Sjalvfortroendetraning-nfpldn.mp3,,,"”Självförtroendeträning” från Mentalträning för barn &amp; ungdom av Fil.Dr Lars-Eric Uneståhl. Spår 3. Genre: Alternativ musik.",Självförtroendeträning
1767,https://xn--mentaltrning-ncb.nu/wp-content/uploads/woocommerce_uploads/2024/02/02-Mentaltraning-2-gmqfjj.mp3,/woocommerce_uploads/2024/02/02-Mentaltraning-2-gmqfjj.mp3,02-Mentaltraning-2-gmqfjj.mp3,,,"”Mentalträning 2” från Mentalträning för barn &amp; ungdom av Fil.Dr Lars-Eric Uneståhl. Spår 2. Genre: Alternativ musik.","Mentalträning 2"
1766,https://xn--mentaltrning-ncb.nu/wp-content/uploads/woocommerce_uploads/2024/02/01-Mentaltraning-1-t5dszh.mp3,/woocommerce_uploads/2024/02/01-Mentaltraning-1-t5dszh.mp3,01-Mentaltraning-1-t5dszh.mp3,,,"”Mentalträning 1” från Mentalträning för barn &amp; ungdom av Fil.Dr Lars-Eric Uneståhl. Spår 1. Genre: Alternativ musik.","Mentalträning 1"
1765,https://xn--mentaltrning-ncb.nu/wp-content/uploads/woocommerce_uploads/2024/02/01-Meditation-heujro.mp3,/woocommerce_uploads/2024/02/01-Meditation-heujro.mp3,01-Meditation-heujro.mp3,,,"”Meditation” från Mental styrketräning av Lars-Eric Uneståhl. Spår 1. Genre: New Age.",Meditation
1764,https://xn--mentaltrning-ncb.nu/wp-content/uploads/woocommerce_uploads/2024/02/07-Idrotts-och-livsgladje-5vpzvd.mp3,/woocommerce_uploads/2024/02/07-Idrotts-och-livsgladje-5vpzvd.mp3,07-Idrotts-och-livsgladje-5vpzvd.mp3,,,"”Idrotts- och livsglädje” från Mental styrketräning av Lars-Eric Uneståhl. Spår 7. Genre: New Age.","Idrotts- och livsglädje"
1763,https://xn--mentaltrning-ncb.nu/wp-content/uploads/woocommerce_uploads/2024/02/06-Optimism-p8liox.mp3,/woocommerce_uploads/2024/02/06-Optimism-p8liox.mp3,06-Optimism-p8liox.mp3,,,"”Optimism” från Mental styrketräning av Lars-Eric Uneståhl. Spår 6. Genre: New Age.",Optimism
1762,https://xn--mentaltrning-ncb.nu/wp-content/uploads/woocommerce_uploads/2024/02/05-Idrottskvalitet-kevjhr.mp3,/woocommerce_uploads/2024/02/05-Idrottskvalitet-kevjhr.mp3,05-Idrottskvalitet-kevjhr.mp3,,,"”Idrottskvalitet” från Mental styrketräning av Lars-Eric Uneståhl. Spår 5. Genre: New Age.",Idrottskvalitet
1761,https://xn--mentaltrning-ncb.nu/wp-content/uploads/woocommerce_uploads/2024/02/04-Attitydtraning-av5857.mp3,/woocommerce_uploads/2024/02/04-Attitydtraning-av5857.mp3,04-Attitydtraning-av5857.mp3,,,"”Attitydträning” från Mental styrketräning av Lars-Eric Uneståhl. Spår 4. Genre: New Age.",Attitydträning
1760,https://xn--mentaltrning-ncb.nu/wp-content/uploads/woocommerce_uploads/2024/02/03-Storningstraning-tn54oy.mp3,/woocommerce_uploads/2024/02/03-Storningstraning-tn54oy.mp3,03-Storningstraning-tn54oy.mp3,,,"”Störningsträning” från Mental styrketräning av Lars-Eric Uneståhl. Spår 3. Genre: New Age.",Störningsträning
1759,https://xn--mentaltrning-ncb.nu/wp-content/uploads/woocommerce_uploads/2024/02/02-Triggerkoncentration-wmpr49.mp3,/woocommerce_uploads/2024/02/02-Triggerkoncentration-wmpr49.mp3,02-Triggerkoncentration-wmpr49.mp3,,,"”Triggerkoncentration” från Mental styrketräning av Lars-Eric Uneståhl. Spår 2. Genre: New Age.",Triggerkoncentration
1758,https://xn--mentaltrning-ncb.nu/wp-content/uploads/woocommerce_uploads/2024/02/04-Mental-avslappning-2-h96ws9.mp3,/woocommerce_uploads/2024/02/04-Mental-avslappning-2-h96ws9.mp3,04-Mental-avslappning-2-h96ws9.mp3,,,"”Målbildsträning” från Avspänning av Fil. Dir. Lars-Eric Uneståhl. Spår 4. Genre: Diverse.",Målbildsträning
1757,https://xn--mentaltrning-ncb.nu/wp-content/uploads/woocommerce_uploads/2024/02/03-Mental-avslappning-1-z0wqfi.mp3,/woocommerce_uploads/2024/02/03-Mental-avslappning-1-z0wqfi.mp3,03-Mental-avslappning-1-z0wqfi.mp3,,,"”Självbildsträning” från Avspänning av Fil. Dir. Lars-Eric Uneståhl. Spår 3. Genre: Diverse.",Självbildsträning
1756,https://xn--mentaltrning-ncb.nu/wp-content/uploads/woocommerce_uploads/2024/02/02-Muskular-avslappning-2-ieqtjs.mp3,/woocommerce_uploads/2024/02/02-Muskular-avslappning-2-ieqtjs.mp3,02-Muskular-avslappning-2-ieqtjs.mp3,,,"”Mental avslappning” från Avspänning av Fil. Dir. Lars-Eric Uneståhl. Spår 2. Genre: Diverse.","Mental avslappning"
1755,https://xn--mentaltrning-ncb.nu/wp-content/uploads/woocommerce_uploads/2024/02/01-Muskular-avslappning-1-q7eft5.mp3,/woocommerce_uploads/2024/02/01-Muskular-avslappning-1-q7eft5.mp3,01-Muskular-avslappning-1-q7eft5.mp3,,,"”Muskulär avslappning” från Avspänning av Fil. Dir. Lars-Eric Uneståhl. Spår 1. Genre: Diverse.","Muskulär avslappning"
1754,https://xn--mentaltrning-ncb.nu/wp-content/uploads/woocommerce_uploads/2024/02/3.-De-tuffa-malbilderna-2-osajyf.mp3,/woocommerce_uploads/2024/02/3.-De-tuffa-malbilderna-2-osajyf.mp3,3.-De-tuffa-malbilderna-2-osajyf.mp3,,,"”Spår 3” från Okänt album (2013-01-17 10:36:48). Spår 3.","Spår 3"
1753,https://xn--mentaltrning-ncb.nu/wp-content/uploads/woocommerce_uploads/2024/02/2.-De-tuffa-malbilderna-1-fhew5o.mp3,/woocommerce_uploads/2024/02/2.-De-tuffa-malbilderna-1-fhew5o.mp3,2.-De-tuffa-malbilderna-1-fhew5o.mp3,,,"”Spår 2” från Okänt album (2013-01-17 10:36:48). Spår 2.","Spår 2"
1752,https://xn--mentaltrning-ncb.nu/wp-content/uploads/woocommerce_uploads/2024/02/1.Den-tuffa-sjalvbilden-ixc4lz.mp3,/woocommerce_uploads/2024/02/1.Den-tuffa-sjalvbilden-ixc4lz.mp3,1.Den-tuffa-sjalvbilden-ixc4lz.mp3,,,"”Spår 1” från Okänt album (2013-01-17 10:36:48). Spår 1.","Spår 1"
1751,https://xn--mentaltrning-ncb.nu/wp-content/uploads/woocommerce_uploads/2024/02/02-Omedveten-narvaro-med-musik-1wbrfz.mp3,/woocommerce_uploads/2024/02/02-Omedveten-narvaro-med-musik-1wbrfz.mp3,02-Omedveten-narvaro-med-musik-1wbrfz.mp3,,,"”Omedveten närvaro med musik” från Omedveten närvaro av Elene Uneståhl. Spår 2. Genre: New Age.","Omedveten närvaro med musik"
1750,https://xn--mentaltrning-ncb.nu/wp-content/uploads/woocommerce_uploads/2024/02/01-Omedveten-narvaro-za6big.mp3,/woocommerce_uploads/2024/02/01-Omedveten-narvaro-za6big.mp3,01-Omedveten-narvaro-za6big.mp3,,,"”Omedveten närvaro” från Omedveten närvaro av Elene Uneståhl. Spår 1. Genre: New Age.","Omedveten närvaro"
1744,https://xn--mentaltrning-ncb.nu/wp-content/uploads/woocommerce_uploads/2024/02/05-Malbildsstyrning-xe8u0v.mp3,/woocommerce_uploads/2024/02/05-Malbildsstyrning-xe8u0v.mp3,05-Malbildsstyrning-xe8u0v.mp3,,,"”Målbildsstyrning” från Självbilds- och Målbildsträning av Lars-Eric Uneståhl. Spår 5. Genre: Personligutveckling.",Målbildsstyrning
1743,https://xn--mentaltrning-ncb.nu/wp-content/uploads/woocommerce_uploads/2024/02/04-Ideomotorisk-traning-3mcsul.mp3,/woocommerce_uploads/2024/02/04-Ideomotorisk-traning-3mcsul.mp3,04-Ideomotorisk-traning-3mcsul.mp3,,,"”Ideomotorisk träning” från Självbilds- och Målbildsträning av Lars-Eric Uneståhl. Spår 4. Genre: Personligutveckling.","Ideomotorisk träning"
1742,https://xn--mentaltrning-ncb.nu/wp-content/uploads/woocommerce_uploads/2024/02/03-Malprogrammering-u92zcg.mp3,/woocommerce_uploads/2024/02/03-Malprogrammering-u92zcg.mp3,03-Malprogrammering-u92zcg.mp3,,,"”Målprogrammering” från Självbilds- och Målbildsträning av Lars-Eric Uneståhl. Spår 3. Genre: Personligutveckling.",Målprogrammering
1741,https://xn--mentaltrning-ncb.nu/wp-content/uploads/woocommerce_uploads/2024/02/02-Jagstyrketraning-bospqe.mp3,/woocommerce_uploads/2024/02/02-Jagstyrketraning-bospqe.mp3,02-Jagstyrketraning-bospqe.mp3,,,"”Jagstyrketräning” från Självbilds- och Målbildsträning av Lars-Eric Uneståhl. Spår 2. Genre: Personligutveckling.",Jagstyrketräning
1740,https://xn--mentaltrning-ncb.nu/wp-content/uploads/woocommerce_uploads/2024/02/01-Sjalvfortroendetraning-o5tzar.mp3,/woocommerce_uploads/2024/02/01-Sjalvfortroendetraning-o5tzar.mp3,01-Sjalvfortroendetraning-o5tzar.mp3,,,"”Självförtroendeträning” från Självbilds- och Målbildsträning av Lars-Eric Uneståhl. Spår 1. Genre: Personligutveckling.",Självförtroendeträning
1733,https://xn--mentaltrning-ncb.nu/wp-content/uploads/woocommerce_uploads/2024/02/04-Spar-04-2-ixs2qd.mp3,/woocommerce_uploads/2024/02/04-Spar-04-2-ixs2qd.mp3,04-Spar-04-2-ixs2qd.mp3,,,"”Spår 04”. Spår 4.","Spår 04"
1732,https://xn--mentaltrning-ncb.nu/wp-content/uploads/woocommerce_uploads/2024/02/03-Spar-03-3-iuljtu.mp3,/woocommerce_uploads/2024/02/03-Spar-03-3-iuljtu.mp3,03-Spar-03-3-iuljtu.mp3,,,"”Spår 03”. Spår 3.","Spår 03"
1731,https://xn--mentaltrning-ncb.nu/wp-content/uploads/woocommerce_uploads/2024/02/02-Spar-02-3-umztwd.mp3,/woocommerce_uploads/2024/02/02-Spar-02-3-umztwd.mp3,02-Spar-02-3-umztwd.mp3,,,"”Spår 02”. Spår 2.","Spår 02"
1730,https://xn--mentaltrning-ncb.nu/wp-content/uploads/woocommerce_uploads/2024/02/01-Spar-01-5-zb1e3w.mp3,/woocommerce_uploads/2024/02/01-Spar-01-5-zb1e3w.mp3,01-Spar-01-5-zb1e3w.mp3,,,"”Spår 01”. Spår 1.","Spår 01"
1722,https://xn--mentaltrning-ncb.nu/wp-content/uploads/2024/02/04-program-2.mp3,/2024/02/04-program-2.mp3,04-program-2.mp3,,,"”program 2” från sluta röka av lu. Spår 4. Genre: Alternativ musik.","program 2"
1721,https://xn--mentaltrning-ncb.nu/wp-content/uploads/2024/02/03-program-1.mp3,/2024/02/03-program-1.mp3,03-program-1.mp3,,,"”program 1” från sluta röka av lu. Spår 3. Genre: Alternativ musik.","program 1"
1720,https://xn--mentaltrning-ncb.nu/wp-content/uploads/2024/02/02-forts-sluta-roka.mp3,/2024/02/02-forts-sluta-roka.mp3,02-forts-sluta-roka.mp3,,,"”forts sluta röka” från sluta röka av lu. Spår 2. Genre: Alternativ musik.","forts sluta röka"
1719,https://xn--mentaltrning-ncb.nu/wp-content/uploads/2024/02/01-sluta-roka.mp3,/2024/02/01-sluta-roka.mp3,01-sluta-roka.mp3,,,"”sluta röka” från sluta röka av lu. Spår 1. Genre: Alternativ musik.","sluta röka"
1718,https://xn--mentaltrning-ncb.nu/wp-content/uploads/2024/02/05-Avslappningsmusik.mp3,/2024/02/05-Avslappningsmusik.mp3,05-Avslappningsmusik.mp3,,,"”Avslappningsmusik” från Mödravårdsträning av Uneståhl. Spår 5. Genre: Okänd genre.",Avslappningsmusik
1717,https://xn--mentaltrning-ncb.nu/wp-content/uploads/2024/02/04-Forlossningsforberedelser.mp3,/2024/02/04-Forlossningsforberedelser.mp3,04-Forlossningsforberedelser.mp3,,,"”Förlossningsförberedelser” från Mödravårdsträning av Uneståhl. Spår 4.",Förlossningsförberedelser
1716,https://xn--mentaltrning-ncb.nu/wp-content/uploads/2024/02/03-Den-positiva-amningen.mp3,/2024/02/03-Den-positiva-amningen.mp3,03-Den-positiva-amningen.mp3,,,"”Den positiva amningen” från Mödravårdsträning av Uneståhl. Spår 3.","Den positiva amningen"
1715,https://xn--mentaltrning-ncb.nu/wp-content/uploads/2024/02/02-Barnet-Din-baste-van.mp3,/2024/02/02-Barnet-Din-baste-van.mp3,02-Barnet-Din-baste-van.mp3,,,"”Barnet - Din bäste vän” från Mödravårdsträning av Uneståhl. Spår 2.","Barnet - Din bäste vän"
1714,https://xn--mentaltrning-ncb.nu/wp-content/uploads/2024/02/01-En-bra-start-1.mp3,/2024/02/01-En-bra-start-1.mp3,01-En-bra-start-1.mp3,,,"”En bra start” från Mödravårdsträning av Uneståhl. Spår 1. Genre: Okänd genre.","En bra start"
1713,https://xn--mentaltrning-ncb.nu/wp-content/uploads/2024/02/01-En-bra-start.mp3,/2024/02/01-En-bra-start.mp3,01-En-bra-start.mp3,,,"”En bra start” från Mödravårdsträning av Uneståhl. Spår 1. Genre: Okänd genre.","En bra start"
1707,https://xn--mentaltrning-ncb.nu/wp-content/uploads/woocommerce_uploads/2024/02/01-Magandning-1-skzz32.mp3,/woocommerce_uploads/2024/02/01-Magandning-1-skzz32.mp3,01-Magandning-1-skzz32.mp3,,,"”Spår 1” från Mindfulness cd 2. Spår 1.","Spår 1"
